Tanggal,"Indeks Energi
(kWh/ton)"
11/1/2024,18.32047366
11/2/2024,19.47227302
11/3/2024,18.48452684
11/4/2024,18.41241703
11/5/2024,17.86616854
11/6/2024,17.74563454
11/7/2024,18.12200652
11/8/2024,17.8938059
11/9/2024,17.4705318
11/10/2024,16.49599006
11/11/2024,16.61496553
11/12/2024,16.03854576
11/13/2024,16.77162049
11/14/2024,16.95258835
11/15/2024,15.9643512
11/16/2024,16.51985164
11/17/2024,17.05580752
11/18/2024,16.73247788
11/19/2024,16.6272486
11/20/2024,16.12595381
11/21/2024,17.62651543
11/22/2024,17.58597668
11/23/2024,17.81183939
11/24/2024,17.91774053
11/25/2024,17.88537585
11/26/2024,18.10604438
11/27/2024,19.07146543
11/28/2024,18.81007679
11/29/2024,18.1971341
11/30/2024,17.88998962
12/1/2024,17.9445412
12/2/2024,17.91605484
12/3/2024,17.46248237
12/4/2024,17.19498988
12/5/2024,16.9370799
12/6/2024,18.15053175
12/7/2024,18.6962557
12/8/2024,18.64467044
12/9/2024,18.24653167
12/10/2024,0
12/11/2024,0
12/12/2024,0
12/13/2024,0
12/14/2024,0
12/15/2024,0
12/16/2024,24.14212644
12/17/2024,19.15411853
12/18/2024,18.21349584
12/19/2024,19.12487166
12/20/2024,19.98733067
12/21/2024,19.26882723
12/22/2024,18.1828633
12/23/2024,17.84140985
12/24/2024,19.30348493
12/25/2024,21.09604373
12/26/2024,19.81485301
12/27/2024,18.43713532
12/28/2024,19.28191326
12/29/2024,18.61365683
12/30/2024,18.1524474
12/31/2024,18.24899281
1/1/2025,18.71089432
1/2/2025,18.79967748
1/3/2025,0
1/4/2025,0
1/5/2025,20.41335224
1/6/2025,19.32298543
1/7/2025,18.9149896
1/8/2025,20.55041799
1/9/2025,19.77635782
1/10/2025,18.47394184
1/11/2025,18.01066086
1/12/2025,18.16230801
1/13/2025,17.84145479
1/14/2025,17.85477627
1/15/2025,17.8320592
1/16/2025,17.75563078
1/17/2025,17.36163604
1/18/2025,17.7583457
1/19/2025,16.99931228
1/20/2025,18.78469214
1/21/2025,20.72356596
1/22/2025,19.83111974
1/23/2025,19.83879779
1/24/2025,20.64723022
1/25/2025,17.73220689
1/26/2025,19.00461999
1/27/2025,19.46819125
1/28/2025,19.84783296
1/29/2025,18.75637296
1/30/2025,19.81675584
1/31/2025,19.00450731
2/1/2025,19.75013591
2/2/2025,18.5917747
2/3/2025,17.74632866
2/4/2025,18.60560501
2/5/2025,17.39519005
2/6/2025,16.8448208
2/7/2025,17.35172463
2/8/2025,17.161104
2/9/2025,16.99915452
2/10/2025,17.82053916
2/11/2025,22.95480775
2/12/2025,20.95536042
2/13/2025,18.33068094
2/14/2025,18.38488156
2/15/2025,17.73084673
2/16/2025,17.57127646
2/17/2025,17.81018618
2/18/2025,22.51661377
2/19/2025,19.86773086
2/20/2025,18.74425027
2/21/2025,19.53781325
2/22/2025,18.92297003
2/23/2025,17.71103894
2/24/2025,17.85208684
2/25/2025,17.76366871
2/26/2025,18.21354085
2/27/2025,18.62919954
2/28/2025,0
3/1/2025,0
3/2/2025,0
3/3/2025,0
3/4/2025,0
3/5/2025,17.34264078
3/6/2025,16.75425208
3/7/2025,16.52170517
3/8/2025,17.56299927
3/9/2025,17.21767
3/10/2025,16.89234869
3/11/2025,17.18294385
3/12/2025,16.60694703
3/13/2025,16.40513582
3/14/2025,16.93558417
3/15/2025,18.99815307
3/16/2025,0
3/17/2025,0
3/18/2025,17.53845703
3/19/2025,16.53431465
3/20/2025,16.58518909
3/21/2025,17.0392116
3/22/2025,17.31179594
3/23/2025,19.40267749
3/24/2025,17.09380097
3/25/2025,16.40460408
3/26/2025,16.39404291
3/27/2025,16.27956029
3/28/2025,16.73639273
3/29/2025,16.82046052
3/30/2025,17.89526557
3/31/2025,17.03904664
4/1/2025,21.25681059
4/2/2025,16.65347407
4/3/2025,16.69233435
4/4/2025,16.37413756
4/5/2025,16.1142517
4/6/2025,17.40014904
4/7/2025,15.2007442
4/8/2025,16.03070099
4/9/2025,15.9673479
4/10/2025,16.35484917
4/11/2025,17.89708828
4/12/2025,19.61585407
4/13/2025,19.44270692
4/14/2025,0
4/15/2025,0
4/16/2025,0
4/17/2025,0
4/18/2025,0
4/19/2025,0
4/20/2025,0
4/21/2025,0
4/22/2025,0
4/23/2025,0
4/24/2025,0
4/25/2025,0
4/26/2025,0
4/27/2025,0
4/28/2025,0
4/29/2025,0
4/30/2025,0
5/1/2025,0
5/2/2025,20.18062299
5/3/2025,16.32577101
5/4/2025,15.67203885
5/5/2025,15.0743097
5/6/2025,15.99111758
5/7/2025,15.60762377
5/8/2025,15.65707844
5/9/2025,15.73123257
5/10/2025,15.24362524
5/11/2025,15.36505943
5/12/2025,14.81412753
5/13/2025,15.72625246
5/14/2025,16.21774407
5/15/2025,16.06856155
5/16/2025,15.08460991
5/17/2025,14.70926228
5/18/2025,16.40704584
5/19/2025,17.05577555
5/20/2025,15.40937787
5/21/2025,15.47113895
5/22/2025,16.01924024
5/23/2025,16.17923337
5/24/2025,15.99036786
5/25/2025,15.56132163
5/26/2025,15.69230871
5/27/2025,15.27402927
5/28/2025,16.08553589
5/29/2025,15.20280304
5/30/2025,15.76766473
5/31/2025,16.02416221
6/1/2025,15.43039463
6/2/2025,15.53756278
6/3/2025,16.01926979
6/4/2025,16.10366609
6/5/2025,16.74189655
6/6/2025,16.1079624
6/7/2025,16.18733564
6/8/2025,16.27280457
6/9/2025,15.79921011
6/10/2025,15.15834247
6/11/2025,16.58545386
6/12/2025,15.81374576
6/13/2025,16.75143389
6/14/2025,16.70036569
6/15/2025,17.31701006
6/16/2025,17.8511649
6/17/2025,16.52349614
6/18/2025,16.45213326
6/19/2025,15.85942029
6/20/2025,15.27750247
6/21/2025,15.94916897
6/22/2025,16.83093977
6/23/2025,17.07024578
6/24/2025,16.14496786
6/25/2025,15.49883985
6/26/2025,15.29423294
6/27/2025,15.37073467
6/28/2025,15.71912817
6/29/2025,15.20166894
6/30/2025,15.2656843
7/1/2025,15.4425071
7/2/2025,16.01157193
7/3/2025,16.46410514
7/4/2025,16.09899574
7/5/2025,16.35341674
7/6/2025,16.40964945
7/7/2025,16.1053501
7/8/2025,17.48160687
7/9/2025,17.14735704
7/10/2025,16.49526585
7/11/2025,16.54247464
7/12/2025,15.73531149
7/13/2025,16.53096718
7/14/2025,16.76983885
7/15/2025,15.68461903
7/16/2025,15.29764981
7/17/2025,16.05474766
7/18/2025,17.63170659
7/19/2025,16.98393055
7/20/2025,16.14919319
7/21/2025,15.63974902
7/22/2025,15.55675328
7/23/2025,16.36816375
7/24/2025,15.98734094
7/25/2025,16.50760542
7/26/2025,17.01849846
7/27/2025,16.56814242
7/28/2025,16.687913
7/29/2025,16.81055102
7/30/2025,17.04202582
7/31/2025,16.89579676
8/1/2025,17.15026487
8/2/2025,17.94395588
8/3/2025,18.82086428
8/4/2025,18.09305556
8/5/2025,16.17263976
8/6/2025,16.62133053
8/7/2025,17.38605395
8/8/2025,14.8939119
8/9/2025,14.56637816
8/10/2025,14.2069421
8/11/2025,14.37320402
8/12/2025,14.46995124
8/13/2025,15.0026491
8/14/2025,15.4645862
8/15/2025,15.61407172
8/16/2025,15.3016564
8/17/2025,15.97571212
8/18/2025,16.5160633
8/19/2025,15.77123815
8/20/2025,17.78414682
8/21/2025,16.22156617
8/22/2025,16.3547846
8/23/2025,16.80930684
8/24/2025,15.94894581
8/25/2025,15.58748987
8/26/2025,16.44281335
8/27/2025,17.06517078
8/28/2025,17.63816292
8/29/2025,18.23464636
8/30/2025,19.11394532
8/31/2025,17.59438046
9/1/2025,16.77532081
9/2/2025,16.80862878
9/3/2025,15.9076357
9/4/2025,18.72288107
9/5/2025,19.7324462
9/6/2025,18.81653926
9/7/2025,17.13765192
9/8/2025,16.62719795
9/9/2025,16.19638424
9/10/2025,17.50748007
9/11/2025,17.70902168
9/12/2025,15.87488073
9/13/2025,15.56322304
9/14/2025,15.83246774
9/15/2025,15.48701449
9/16/2025,15.09246627
9/17/2025,14.77229419
9/18/2025,15.2749333
9/19/2025,16.58768826
9/20/2025,15.99232802
9/21/2025,16.60275512
9/22/2025,17.08429297
9/23/2025,17.05277893
9/24/2025,19.08938107
9/25/2025,16.22345783
9/26/2025,17.64774154
9/27/2025,18.24244658
9/28/2025,16.58855296
9/29/2025,17.09485827
9/30/2025,17.42516384
10/1/2025,17.67284857
10/2/2025,17.93844608
10/3/2025,0
10/4/2025,0
10/5/2025,0
10/6/2025,0
10/7/2025,0
10/8/2025,0
10/9/2025,0
10/10/2025,0
10/11/2025,16.15188571
10/12/2025,16.26297608
10/13/2025,15.06145132
10/14/2025,15.32216033
10/15/2025,15.78813292
10/16/2025,16.00163842
10/17/2025,15.89874468
10/18/2025,16.53498071
10/19/2025,16.0890692
10/20/2025,15.67700436
10/21/2025,15.58634882
10/22/2025,15.44898221
10/23/2025,14.30125206
10/24/2025,13.82517554
10/25/2025,15.09199564
10/26/2025,15.35184248
10/27/2025,14.66110641
10/28/2025,14.47375616
10/29/2025,14.91092132
10/30/2025,14.76109349
10/31/2025,14.80559318
